﻿"LOCATION","INDICATOR","SUBJECT","MEASURE","FREQUENCY","TIME","Value","Flag Codes"
"AUS","GDP","TOT","MLN_USD","A","2022",1820022.092,"E"
"AUT","GDP","TOT","MLN_USD","A","2022",613324.65,
"BEL","GDP","TOT","MLN_USD","A","2022",758832.834,"P"
"CAN","GDP","TOT","MLN_USD","A","2022",2271469.345,
"CZE","GDP","TOT","MLN_USD","A","2022",525014.413,
"DNK","GDP","TOT","MLN_USD","A","2022",442119.714,
"FIN","GDP","TOT","MLN_USD","A","2022",330428.405,
"FRA","GDP","TOT","MLN_USD","A","2022",3769924.264,"P"
"DEU","GDP","TOT","MLN_USD","A","2022",5313520.422,"P"
"GRC","GDP","TOT","MLN_USD","A","2022",389216.529,"P"
"HUN","GDP","TOT","MLN_USD","A","2022",405803.309,"P"
"ISL","GDP","TOT","MLN_USD","A","2022",26382.134,
"IRL","GDP","TOT","MLN_USD","A","2022",650316.274,
"ITA","GDP","TOT","MLN_USD","A","2022",3052609.723,
"JPN","GDP","TOT","MLN_USD","A","2022",5702286.545,"E"
"KOR","GDP","TOT","MLN_USD","A","2022",2585010.7,"E"
"LUX","GDP","TOT","MLN_USD","A","2022",92549.105,"P"
"MEX","GDP","TOT","MLN_USD","A","2022",2742903.247,"E"
"NLD","GDP","TOT","MLN_USD","A","2022",1254458.771,"P"
"NZL","GDP","TOT","MLN_USD","A","2022",263861.631,"E"
"NOR","GDP","TOT","MLN_USD","A","2022",627184.974,
"POL","GDP","TOT","MLN_USD","A","2022",1630851.795,
"PRT","GDP","TOT","MLN_USD","A","2022",430204.121,"P"
"SVK","GDP","TOT","MLN_USD","A","2022",203470.568,
"ESP","GDP","TOT","MLN_USD","A","2022",2181967.864,"P"
"SWE","GDP","TOT","MLN_USD","A","2022",681392.826,
"CHE","GDP","TOT","MLN_USD","A","2022",733136.986,
"TUR","GDP","TOT","MLN_USD","A","2022",3180983.731,"P"
"GBR","GDP","TOT","MLN_USD","A","2022",3656811.395,
"USA","GDP","TOT","MLN_USD","A","2022",25462700,"E"
"CHL","GDP","TOT","MLN_USD","A","2022",592205.358,
"CHN","GDP","TOT","MLN_USD","A","2022",30090699.886,
"COL","GDP","TOT","MLN_USD","A","2022",1052389.116,"E"
"EST","GDP","TOT","MLN_USD","A","2022",62797.084,
"IDN","GDP","TOT","MLN_USD","A","2022",3969883.308,
"ISR","GDP","TOT","MLN_USD","A","2022",472841.933,
"SVN","GDP","TOT","MLN_USD","A","2022",105503.444,
"ZAF","GDP","TOT","MLN_USD","A","2022",949506.772,
"OECD","GDP","TOT","MLN_USD","A","2022",74425975.911,"E"
"OECDE","GDP","TOT","MLN_USD","A","2022",31331165.906,"P"
"LVA","GDP","TOT","MLN_USD","A","2022",75252.606,
"LTU","GDP","TOT","MLN_USD","A","2022",137107.964,
"EA19","GDP","TOT","MLN_USD","A","2022",19494772.457,
"CRI","GDP","TOT","MLN_USD","A","2022",129120.036,"E"
"BGR","GDP","TOT","MLN_USD","A","2022",217111.253,"P"
"HRV","GDP","TOT","MLN_USD","A","2022",154589.299,"P"
"CYP","GDP","TOT","MLN_USD","A","2022",45399.505,"P"
"MLT","GDP","TOT","MLN_USD","A","2022",29273.395,
"ROU","GDP","TOT","MLN_USD","A","2022",792547.021,"P"
"MKD","GDP","TOT","MLN_USD","A","2022",41486.132,"E"
"EU27_2020","GDP","TOT","MLN_USD","A","2022",24347732.986,
